id,placement,nfr,baseline,makespan_s,total_energy_j,energy_Cloud_j,energy_Edge_j,energy_Fog_j,compliant,violations,pareto,score
0,preprocessing=Edge;inference=Fog;archiving=Edge,"RS(k=8,m=4)",0,354.031,92363.99,74346.55,2086.04,15931.40,1,,1,0.0000
1,preprocessing=Edge;inference=Fog;archiving=Edge,"SHA256 + RS(k=8,m=4)",0,356.083,92925.29,74777.47,2124.08,16023.74,1,,0,0.0035
2,preprocessing=Edge;inference=Fog;archiving=Edge,"BLAKE3 + RS(k=8,m=4)",0,356.057,92921.11,74771.94,2126.62,16022.56,1,,0,0.0035
3,preprocessing=Edge;inference=Fog;archiving=Edge,"LZ4 + RS(k=8,m=4)",0,536.417,165466.44,134349.43,5118.07,25998.94,1,,0,0.3390
4,preprocessing=Edge;inference=Fog;archiving=Edge,"LZ4 + SHA256 + RS(k=8,m=4)",0,538.454,166979.66,135647.01,5167.50,26165.15,1,,0,0.3436
5,preprocessing=Edge;inference=Fog;archiving=Edge,"LZ4 + BLAKE3 + RS(k=8,m=4)",0,538.428,167096.91,135751.97,5171.50,26173.44,1,,0,0.3437
6,preprocessing=Edge;inference=Fog;archiving=Edge,"ZSTD + RS(k=8,m=4)",0,719.937,273249.26,225848.74,8603.76,38796.76,0,Edge energy 8604J > budget 8000J,0,0.0000
7,preprocessing=Edge;inference=Fog;archiving=Edge,"ZSTD + SHA256 + RS(k=8,m=4)",0,720.018,273778.38,226317.63,8621.62,38839.13,0,Edge energy 8622J > budget 8000J,0,0.0000
8,preprocessing=Edge;inference=Fog;archiving=Edge,"ZSTD + BLAKE3 + RS(k=8,m=4)",0,720.017,273821.03,226355.60,8623.07,38842.36,0,Edge energy 8623J > budget 8000J,0,0.0000
9,preprocessing=Edge;inference=Fog;archiving=Edge,no NFRs,1,352.015,91810.35,73923.15,2046.52,15840.68,0,,0,0.0000
10,preprocessing=Edge;inference=Fog;archiving=Fog,"RS(k=8,m=4)",0,354.016,113633.06,92028.85,1883.74,19720.47,1,,1,0.0261
11,preprocessing=Edge;inference=Fog;archiving=Fog,"SHA256 + RS(k=8,m=4)",0,356.068,114712.61,92890.70,1916.76,19905.15,1,,0,0.0303
12,preprocessing=Edge;inference=Fog;archiving=Fog,"BLAKE3 + RS(k=8,m=4)",0,356.042,114700.76,92879.63,1918.36,19902.78,1,,0,0.0302
13,preprocessing=Edge;inference=Fog;archiving=Fog,"LZ4 + RS(k=8,m=4)",0,536.402,209121.66,168771.79,4184.49,36165.38,1,,0,0.3926
14,preprocessing=Edge;inference=Fog;archiving=Fog,"LZ4 + SHA256 + RS(k=8,m=4)",0,538.438,210193.15,169627.13,4217.34,36348.67,1,,0,0.3967
15,preprocessing=Edge;inference=Fog;archiving=Fog,"LZ4 + BLAKE3 + RS(k=8,m=4)",0,538.412,210181.37,169616.13,4218.93,36346.31,1,,0,0.3966
16,preprocessing=Edge;inference=Fog;archiving=Fog,"ZSTD + RS(k=8,m=4)",0,719.921,305377.01,246125.39,6510.46,52741.16,1,,0,0.7615
17,preprocessing=Edge;inference=Fog;archiving=Fog,"ZSTD + SHA256 + RS(k=8,m=4)",0,720.001,305429.86,246159.33,6522.10,52748.43,1,,0,0.7617
18,preprocessing=Edge;inference=Fog;archiving=Fog,"ZSTD + BLAKE3 + RS(k=8,m=4)",0,720.000,305430.24,246158.90,6523.00,52748.34,1,,0,0.7617
19,preprocessing=Edge;inference=Fog;archiving=Fog,no NFRs,1,352.000,112519.68,91140.00,1849.68,19530.00,0,,0,0.0000
20,preprocessing=Edge;inference=Fog;archiving=Cloud,"RS(k=8,m=4)",0,354.021,103713.07,86134.17,1647.95,15930.95,1,,1,0.0140
21,preprocessing=Edge;inference=Fog;archiving=Cloud,"SHA256 + RS(k=8,m=4)",0,356.073,104551.83,86853.32,1675.22,16023.29,1,,0,0.0178
22,preprocessing=Edge;inference=Fog;archiving=Cloud,"BLAKE3 + RS(k=8,m=4)",0,356.047,104541.74,86842.74,1676.89,16022.11,1,,0,0.0177
23,preprocessing=Edge;inference=Fog;archiving=Cloud,"LZ4 + RS(k=8,m=4)",0,536.407,177591.04,150016.59,3436.14,24138.31,1,,0,0.3538
24,preprocessing=Edge;inference=Fog;archiving=Cloud,"LZ4 + SHA256 + RS(k=8,m=4)",0,538.444,178423.57,150730.32,3463.29,24229.96,1,,0,0.3577
25,preprocessing=Edge;inference=Fog;archiving=Cloud,"LZ4 + BLAKE3 + RS(k=8,m=4)",0,538.417,178413.57,150719.84,3464.95,24228.78,1,,0,0.3576
26,preprocessing=Edge;inference=Fog;archiving=Cloud,"ZSTD + RS(k=8,m=4)",0,719.926,252118.05,214476.82,5244.58,32396.66,1,,0,0.6961
27,preprocessing=Edge;inference=Fog;archiving=Cloud,"ZSTD + SHA256 + RS(k=8,m=4)",0,720.007,252161.45,214505.16,5255.99,32400.30,1,,0,0.6962
28,preprocessing=Edge;inference=Fog;archiving=Cloud,"ZSTD + BLAKE3 + RS(k=8,m=4)",0,720.006,252161.87,214504.72,5256.90,32400.25,1,,0,0.6962
29,preprocessing=Edge;inference=Fog;archiving=Cloud,no NFRs,1,352.005,102861.37,85401.05,1620.09,15840.23,0,,0,0.0000
30,preprocessing=Edge;inference=Cloud;archiving=Edge,"RS(k=8,m=4)",0,354.054,132378.03,123918.80,2086.26,6372.97,1,,0,0.0492
31,preprocessing=Edge;inference=Cloud;archiving=Edge,"SHA256 + RS(k=8,m=4)",0,356.112,133173.69,124639.35,2124.32,6410.02,1,,0,0.0530
32,preprocessing=Edge;inference=Cloud;archiving=Edge,"BLAKE3 + RS(k=8,m=4)",0,356.076,133162.95,124626.75,2126.83,6409.38,1,,0,0.0529
33,preprocessing=Edge;inference=Cloud;archiving=Edge,"LZ4 + RS(k=8,m=4)",0,536.161,226052.84,209418.32,5118.31,11516.21,1,,0,0.4130
34,preprocessing=Edge;inference=Cloud;archiving=Edge,"LZ4 + SHA256 + RS(k=8,m=4)",0,538.205,227797.11,211001.94,5167.74,11627.43,1,,0,0.4180
35,preprocessing=Edge;inference=Cloud;archiving=Edge,"LZ4 + BLAKE3 + RS(k=8,m=4)",0,538.169,227910.07,211101.90,5171.74,11636.42,1,,0,0.4181
36,preprocessing=Edge;inference=Cloud;archiving=Edge,"ZSTD + RS(k=8,m=4)",0,719.947,354610.61,326647.61,8604.00,19359.00,0,Edge energy 8604J > budget 8000J,0,0.0000
37,preprocessing=Edge;inference=Cloud;archiving=Edge,"ZSTD + SHA256 + RS(k=8,m=4)",0,720.028,355148.97,327127.91,8621.86,19399.20,0,Edge energy 8622J > budget 8000J,0,0.0000
38,preprocessing=Edge;inference=Cloud;archiving=Edge,"ZSTD + BLAKE3 + RS(k=8,m=4)",0,720.027,355191.47,327165.71,8623.31,19402.45,0,Edge energy 8623J > budget 8000J,0,0.0000
39,preprocessing=Edge;inference=Cloud;archiving=Edge,no NFRs,1,352.045,131599.33,123215.76,2046.76,6336.81,0,,0,0.0000
40,preprocessing=Edge;inference=Cloud;archiving=Fog,"RS(k=8,m=4)",0,354.014,134198.97,123904.79,1648.09,8646.09,1,,1,0.0514
41,preprocessing=Edge;inference=Cloud;archiving=Fog,"SHA256 + RS(k=8,m=4)",0,356.072,135039.28,124625.35,1675.38,8738.55,1,,0,0.0552
42,preprocessing=Edge;inference=Cloud;archiving=Fog,"BLAKE3 + RS(k=8,m=4)",0,356.036,135026.95,124612.74,1677.02,8737.19,1,,0,0.0552
43,preprocessing=Edge;inference=Cloud;archiving=Fog,"LZ4 + RS(k=8,m=4)",0,536.120,207944.11,187642.08,3435.49,16866.54,1,,0,0.3907
44,preprocessing=Edge;inference=Cloud;archiving=Fog,"LZ4 + SHA256 + RS(k=8,m=4)",0,538.163,208778.17,188357.21,3462.66,16958.31,1,,0,0.3946
45,preprocessing=Edge;inference=Cloud;archiving=Fog,"LZ4 + BLAKE3 + RS(k=8,m=4)",0,538.128,208765.94,188344.69,3464.30,16956.95,1,,0,0.3945
46,preprocessing=Edge;inference=Cloud;archiving=Fog,"ZSTD + RS(k=8,m=4)",0,719.905,282376.55,251966.74,5244.68,25165.13,1,,0,0.7332
47,preprocessing=Edge;inference=Cloud;archiving=Fog,"ZSTD + SHA256 + RS(k=8,m=4)",0,719.986,282419.97,251995.11,5256.09,25168.77,1,,0,0.7334
48,preprocessing=Edge;inference=Cloud;archiving=Fog,"ZSTD + BLAKE3 + RS(k=8,m=4)",0,719.985,282420.32,251994.61,5256.99,25168.71,1,,0,0.7334
49,preprocessing=Edge;inference=Cloud;archiving=Fog,no NFRs,1,352.005,133372.09,123201.75,1620.25,8550.09,0,,0,0.0000
50,preprocessing=Edge;inference=Cloud;archiving=Cloud,"RS(k=8,m=4)",0,354.009,163149.20,153377.36,1883.87,7887.98,1,,1,0.0869
51,preprocessing=Edge;inference=Cloud;archiving=Cloud,"SHA256 + RS(k=8,m=4)",0,356.067,164697.48,154818.47,1916.92,7962.09,1,,0,0.0917
52,preprocessing=Edge;inference=Cloud;archiving=Cloud,"BLAKE3 + RS(k=8,m=4)",0,356.031,164672.52,154793.26,1918.46,7960.80,1,,0,0.0916
53,preprocessing=Edge;inference=Cloud;archiving=Cloud,"LZ4 + RS(k=8,m=4)",0,536.115,299705.98,281068.15,4182.90,14454.93,1,,0,0.5034
54,preprocessing=Edge;inference=Cloud;archiving=Cloud,"LZ4 + SHA256 + RS(k=8,m=4)",0,538.158,301242.70,282498.42,4215.79,14528.49,1,,0,0.5081
55,preprocessing=Edge;inference=Cloud;archiving=Cloud,"LZ4 + BLAKE3 + RS(k=8,m=4)",0,538.123,301217.90,282473.38,4217.32,14527.20,1,,0,0.5080
56,preprocessing=Edge;inference=Cloud;archiving=Cloud,"ZSTD + RS(k=8,m=4)",0,719.900,437802.34,410196.03,6510.51,21095.80,1,,0,0.9241
57,preprocessing=Edge;inference=Cloud;archiving=Cloud,"ZSTD + SHA256 + RS(k=8,m=4)",0,719.981,437873.63,410252.76,6522.15,21098.71,1,,0,0.9243
58,preprocessing=Edge;inference=Cloud;archiving=Cloud,"ZSTD + BLAKE3 + RS(k=8,m=4)",0,719.979,437873.41,410251.70,6523.05,21098.66,1,,0,0.9243
59,preprocessing=Edge;inference=Cloud;archiving=Cloud,no NFRs,1,352.000,161561.83,151900.00,1849.83,7812.00,0,,0,0.0000
60,preprocessing=Fog;inference=Fog;archiving=Edge,"RS(k=8,m=4)",0,354.031,124250.07,100855.40,1782.80,21611.87,1,,0,0.0392
61,preprocessing=Fog;inference=Fog;archiving=Edge,"SHA256 + RS(k=8,m=4)",0,356.083,125847.87,102148.17,1810.80,21888.89,1,,0,0.0440
62,preprocessing=Fog;inference=Fog;archiving=Edge,"BLAKE3 + RS(k=8,m=4)",0,356.057,125828.35,102131.57,1811.45,21885.34,1,,0,0.0439
63,preprocessing=Fog;inference=Fog;archiving=Edge,"LZ4 + RS(k=8,m=4)",0,536.418,235485.45,190688.56,3935.06,40861.83,1,,0,0.4250
64,preprocessing=Fog;inference=Fog;archiving=Edge,"LZ4 + SHA256 + RS(k=8,m=4)",0,538.454,237075.20,191974.84,3962.90,41137.47,1,,0,0.4297
65,preprocessing=Fog;inference=Fog;archiving=Edge,"LZ4 + BLAKE3 + RS(k=8,m=4)",0,538.428,237055.78,191958.31,3963.54,41133.92,1,,0,0.4296
66,preprocessing=Fog;inference=Fog;archiving=Edge,"ZSTD + RS(k=8,m=4)",0,719.937,347435.83,281090.60,6111.53,60233.70,1,,0,0.8132
67,preprocessing=Fog;inference=Fog;archiving=Edge,"ZSTD + SHA256 + RS(k=8,m=4)",0,720.018,348006.95,281555.48,6118.15,60333.32,1,,0,0.8140
68,preprocessing=Fog;inference=Fog;archiving=Edge,"ZSTD + BLAKE3 + RS(k=8,m=4)",0,720.017,347999.68,281549.53,6118.11,60332.04,1,,0,0.8140
69,preprocessing=Fog;inference=Fog;archiving=Edge,no NFRs,1,352.015,122627.47,99543.15,1753.64,21330.68,0,,0,0.0000
70,preprocessing=Fog;inference=Fog;archiving=Fog,"RS(k=8,m=4)",0,354.016,145519.15,118537.71,1580.50,25400.94,1,,0,0.0653
71,preprocessing=Fog;inference=Fog;archiving=Fog,"SHA256 + RS(k=8,m=4)",0,356.068,147635.18,120261.40,1603.49,25770.30,1,,0,0.0707
72,preprocessing=Fog;inference=Fog;archiving=Fog,"BLAKE3 + RS(k=8,m=4)",0,356.042,147608.01,120239.26,1603.19,25765.56,1,,0,0.0706
73,preprocessing=Fog;inference=Fog;archiving=Fog,"LZ4 + RS(k=8,m=4)",0,536.402,302991.91,246812.65,3290.84,52888.42,1,,0,0.5079
74,preprocessing=Fog;inference=Fog;archiving=Fog,"LZ4 + SHA256 + RS(k=8,m=4)",0,538.438,305095.97,248526.58,3313.69,53255.70,1,,0,0.5132
75,preprocessing=Fog;inference=Fog;archiving=Fog,"LZ4 + BLAKE3 + RS(k=8,m=4)",0,538.412,305068.96,248504.58,3313.39,53250.98,1,,0,0.5132
76,preprocessing=Fog;inference=Fog;archiving=Fog,"ZSTD + RS(k=8,m=4)",0,719.921,461620.76,376029.32,5013.72,80577.71,1,,0,0.9534
77,preprocessing=Fog;inference=Fog;archiving=Fog,"ZSTD + SHA256 + RS(k=8,m=4)",0,720.001,462212.17,376511.08,5020.15,80680.95,1,,0,0.9542
78,preprocessing=Fog;inference=Fog;archiving=Fog,"ZSTD + BLAKE3 + RS(k=8,m=4)",0,720.000,462204.56,376504.88,5020.07,80679.62,1,,0,0.9542
79,preprocessing=Fog;inference=Fog;archiving=Fog,no NFRs,1,352.000,143336.80,116760.00,1556.80,25020.00,0,,0,0.0000
80,preprocessing=Fog;inference=Fog;archiving=Cloud,"RS(k=8,m=4)",0,354.021,135599.16,112643.02,1344.71,21611.42,1,,0,0.0531
81,preprocessing=Fog;inference=Fog;archiving=Cloud,"SHA256 + RS(k=8,m=4)",0,356.073,137474.41,114224.02,1361.95,21888.44,1,,0,0.0582
82,preprocessing=Fog;inference=Fog;archiving=Cloud,"BLAKE3 + RS(k=8,m=4)",0,356.047,137448.98,114202.37,1361.73,21884.89,1,,0,0.0582
83,preprocessing=Fog;inference=Fog;archiving=Cloud,"LZ4 + RS(k=8,m=4)",0,536.407,271461.30,228057.46,2542.48,40861.36,1,,0,0.4691
84,preprocessing=Fog;inference=Fog;archiving=Cloud,"LZ4 + SHA256 + RS(k=8,m=4)",0,538.444,273326.43,229629.81,2559.63,41136.99,1,,0,0.4742
85,preprocessing=Fog;inference=Fog;archiving=Cloud,"LZ4 + BLAKE3 + RS(k=8,m=4)",0,538.417,273301.13,229608.27,2559.41,41133.45,1,,0,0.4742
86,preprocessing=Fog;inference=Fog;archiving=Cloud,"ZSTD + RS(k=8,m=4)",0,719.926,408361.79,344380.73,3747.84,60233.21,1,,0,0.8880
87,preprocessing=Fog;inference=Fog;archiving=Cloud,"ZSTD + SHA256 + RS(k=8,m=4)",0,720.007,408943.80,344856.94,3754.04,60332.82,1,,0,0.8888
88,preprocessing=Fog;inference=Fog;archiving=Cloud,"ZSTD + BLAKE3 + RS(k=8,m=4)",0,720.006,408936.23,344850.73,3753.96,60331.54,1,,0,0.8888
89,preprocessing=Fog;inference=Fog;archiving=Cloud,no NFRs,1,352.005,133678.49,111021.05,1327.21,21330.22,0,,0,0.0000
90,preprocessing=Fog;inference=Cloud;archiving=Edge,"RS(k=8,m=4)",0,354.054,135129.60,123918.80,1429.41,9781.38,1,,0,0.0526
91,preprocessing=Fog;inference=Cloud;archiving=Edge,"SHA256 + RS(k=8,m=4)",0,356.112,136014.55,124639.35,1445.94,9929.25,1,,0,0.0565
92,preprocessing=Fog;inference=Cloud;archiving=Edge,"BLAKE3 + RS(k=8,m=4)",0,356.076,136000.64,124626.75,1446.71,9927.18,1,,0,0.0564
93,preprocessing=Fog;inference=Cloud;archiving=Edge,"LZ4 + RS(k=8,m=4)",0,536.161,210235.14,187656.47,2893.80,19684.87,1,,0,0.3936
94,preprocessing=Fog;inference=Cloud;archiving=Edge,"LZ4 + SHA256 + RS(k=8,m=4)",0,538.205,211113.82,188371.59,2910.20,19832.03,1,,0,0.3975
95,preprocessing=Fog;inference=Cloud;archiving=Edge,"LZ4 + BLAKE3 + RS(k=8,m=4)",0,538.169,211100.03,188359.09,2910.97,19829.98,1,,0,0.3974
96,preprocessing=Fog;inference=Cloud;archiving=Edge,"ZSTD + RS(k=8,m=4)",0,719.947,286022.12,251981.50,4379.51,29661.11,1,,0,0.7378
97,preprocessing=Fog;inference=Cloud;archiving=Edge,"ZSTD + SHA256 + RS(k=8,m=4)",0,720.028,286110.22,252009.90,4380.16,29720.16,1,,0,0.7380
98,preprocessing=Fog;inference=Cloud;archiving=Edge,"ZSTD + BLAKE3 + RS(k=8,m=4)",0,720.027,286108.91,252009.34,4380.19,29719.38,1,,0,0.7380
99,preprocessing=Fog;inference=Cloud;archiving=Edge,no NFRs,1,352.045,134258.83,123215.76,1412.13,9630.95,0,,0,0.0000
100,preprocessing=Fog;inference=Cloud;archiving=Fog,"RS(k=8,m=4)",0,354.014,136950.54,123904.79,991.24,12054.51,1,,0,0.0548
101,preprocessing=Fog;inference=Cloud;archiving=Fog,"SHA256 + RS(k=8,m=4)",0,356.072,137880.13,124625.35,997.00,12257.78,1,,0,0.0587
102,preprocessing=Fog;inference=Cloud;archiving=Fog,"BLAKE3 + RS(k=8,m=4)",0,356.036,137864.64,124612.74,996.90,12254.99,1,,0,0.0587
103,preprocessing=Fog;inference=Cloud;archiving=Fog,"LZ4 + RS(k=8,m=4)",0,536.120,239765.60,209226.12,1788.92,28750.56,1,,0,0.4298
104,preprocessing=Fog;inference=Cloud;archiving=Fog,"LZ4 + SHA256 + RS(k=8,m=4)",0,538.163,241630.70,210798.44,1806.07,29026.19,1,,0,0.4349
105,preprocessing=Fog;inference=Cloud;archiving=Fog,"LZ4 + BLAKE3 + RS(k=8,m=4)",0,538.128,241605.43,210776.93,1805.85,29022.65,1,,0,0.4348
106,preprocessing=Fog;inference=Cloud;archiving=Fog,"ZSTD + RS(k=8,m=4)",0,719.905,376813.09,325633.64,2997.96,48181.49,1,,0,0.8492
107,preprocessing=Fog;inference=Cloud;archiving=Fog,"ZSTD + SHA256 + RS(k=8,m=4)",0,719.986,377395.11,326109.85,3004.16,48281.10,1,,0,0.8500
108,preprocessing=Fog;inference=Cloud;archiving=Fog,"ZSTD + BLAKE3 + RS(k=8,m=4)",0,719.985,377387.62,326103.71,3004.08,48279.83,1,,0,0.8500
109,preprocessing=Fog;inference=Cloud;archiving=Fog,no NFRs,1,352.005,136031.59,123201.75,985.61,11844.22,0,,0,0.0000
110,preprocessing=Fog;inference=Cloud;archiving=Cloud,"RS(k=8,m=4)",0,354.009,165900.77,153377.36,1227.02,11296.39,1,,0,0.0903
111,preprocessing=Fog;inference=Cloud;archiving=Cloud,"SHA256 + RS(k=8,m=4)",0,356.067,167538.33,154818.47,1238.55,11481.32,1,,0,0.0951
112,preprocessing=Fog;inference=Cloud;archiving=Cloud,"BLAKE3 + RS(k=8,m=4)",0,356.031,167510.20,154793.26,1238.35,11478.60,1,,0,0.0951
113,preprocessing=Fog;inference=Cloud;archiving=Cloud,"LZ4 + RS(k=8,m=4)",0,536.115,307805.58,281068.14,2248.55,24488.89,1,,0,0.5134
114,preprocessing=Fog;inference=Cloud;archiving=Cloud,"LZ4 + SHA256 + RS(k=8,m=4)",0,538.158,309431.25,282498.42,2259.99,24672.84,1,,0,0.5182
115,preprocessing=Fog;inference=Cloud;archiving=Cloud,"LZ4 + BLAKE3 + RS(k=8,m=4)",0,538.123,309403.32,282473.39,2259.79,24670.14,1,,0,0.5181
116,preprocessing=Fog;inference=Cloud;archiving=Cloud,"ZSTD + RS(k=8,m=4)",0,719.900,451275.42,410195.99,3281.57,37797.86,1,,0,0.9407
117,preprocessing=Fog;inference=Cloud;archiving=Cloud,"ZSTD + SHA256 + RS(k=8,m=4)",0,719.981,451393.09,410252.71,3282.02,37858.36,1,,0,0.9409
118,preprocessing=Fog;inference=Cloud;archiving=Cloud,"ZSTD + BLAKE3 + RS(k=8,m=4)",0,719.979,451391.32,410251.73,3282.01,37857.57,1,,0,0.9409
119,preprocessing=Fog;inference=Cloud;archiving=Cloud,no NFRs,1,352.000,164221.33,151900.00,1215.20,11106.13,0,,0,0.0000
120,preprocessing=Cloud;inference=Fog;archiving=Edge,"RS(k=8,m=4)",0,354.031,109378.94,92018.19,1429.35,15931.40,1,,0,0.0209
121,preprocessing=Cloud;inference=Fog;archiving=Edge,"SHA256 + RS(k=8,m=4)",0,356.083,110495.16,93025.56,1445.86,16023.74,1,,0,0.0251
122,preprocessing=Cloud;inference=Fog;archiving=Edge,"BLAKE3 + RS(k=8,m=4)",0,356.057,110479.15,93009.94,1446.66,16022.56,1,,0,0.0250
123,preprocessing=Cloud;inference=Fog;archiving=Edge,"LZ4 + RS(k=8,m=4)",0,536.418,191621.44,164588.14,2894.52,24138.79,1,,0,0.3711
124,preprocessing=Cloud;inference=Fog;archiving=Edge,"LZ4 + SHA256 + RS(k=8,m=4)",0,538.454,192731.42,165590.09,2910.90,24230.43,1,,0,0.3752
125,preprocessing=Cloud;inference=Fog;archiving=Edge,"LZ4 + BLAKE3 + RS(k=8,m=4)",0,538.428,192715.50,165574.55,2911.69,24229.26,1,,0,0.3752
126,preprocessing=Cloud;inference=Fog;archiving=Edge,"ZSTD + RS(k=8,m=4)",0,719.937,274536.18,237759.54,4379.48,32397.16,1,,0,0.7236
127,preprocessing=Cloud;inference=Fog;archiving=Edge,"ZSTD + SHA256 + RS(k=8,m=4)",0,720.018,274856.99,238076.06,4380.13,32400.80,1,,0,0.7241
128,preprocessing=Cloud;inference=Fog;archiving=Edge,"ZSTD + BLAKE3 + RS(k=8,m=4)",0,720.017,274851.48,238070.57,4380.16,32400.75,1,,0,0.7241
129,preprocessing=Cloud;inference=Fog;archiving=Edge,no NFRs,1,352.015,108256.57,91003.85,1412.04,15840.68,0,,0,0.0000
130,preprocessing=Cloud;inference=Fog;archiving=Fog,"RS(k=8,m=4)",0,354.016,130648.02,109700.50,1227.05,19720.47,1,,0,0.0470
131,preprocessing=Cloud;inference=Fog;archiving=Fog,"SHA256 + RS(k=8,m=4)",0,356.068,132282.48,111138.79,1238.54,19905.15,1,,0,0.0518
132,preprocessing=Cloud;inference=Fog;archiving=Fog,"BLAKE3 + RS(k=8,m=4)",0,356.042,132258.81,111117.64,1238.40,19902.78,1,,0,0.0518
133,preprocessing=Cloud;inference=Fog;archiving=Fog,"LZ4 + RS(k=8,m=4)",0,536.402,259127.91,220712.24,2250.29,36165.38,1,,0,0.4540
134,preprocessing=Cloud;inference=Fog;archiving=Fog,"LZ4 + SHA256 + RS(k=8,m=4)",0,538.438,260752.20,222141.84,2261.69,36348.67,1,,0,0.4588
135,preprocessing=Cloud;inference=Fog;archiving=Fog,"LZ4 + BLAKE3 + RS(k=8,m=4)",0,538.412,260728.66,222120.80,2261.55,36346.31,1,,0,0.4587
136,preprocessing=Cloud;inference=Fog;archiving=Fog,"ZSTD + RS(k=8,m=4)",0,719.921,388720.94,332698.12,3281.67,52741.15,1,,0,0.8639
137,preprocessing=Cloud;inference=Fog;archiving=Fog,"ZSTD + SHA256 + RS(k=8,m=4)",0,720.002,389062.27,333031.71,3282.12,52748.43,1,,0,0.8644
138,preprocessing=Cloud;inference=Fog;archiving=Fog,"ZSTD + BLAKE3 + RS(k=8,m=4)",0,720.000,389056.42,333025.97,3282.12,52748.33,1,,0,0.8644
139,preprocessing=Cloud;inference=Fog;archiving=Fog,no NFRs,1,352.000,128965.90,108220.70,1215.20,19530.00,0,,0,0.0000
140,preprocessing=Cloud;inference=Fog;archiving=Cloud,"RS(k=8,m=4)",0,354.021,120728.03,103805.81,991.26,15930.95,1,,0,0.0349
141,preprocessing=Cloud;inference=Fog;archiving=Cloud,"SHA256 + RS(k=8,m=4)",0,356.073,122121.70,105101.40,997.00,16023.29,1,,0,0.0394
142,preprocessing=Cloud;inference=Fog;archiving=Cloud,"BLAKE3 + RS(k=8,m=4)",0,356.047,122099.78,105080.74,996.93,16022.11,1,,0,0.0393
143,preprocessing=Cloud;inference=Fog;archiving=Cloud,"LZ4 + RS(k=8,m=4)",0,536.407,251031.09,223278.95,1786.23,25965.90,1,,0,0.4441
144,preprocessing=Cloud;inference=Fog;archiving=Cloud,"LZ4 + SHA256 + RS(k=8,m=4)",0,538.443,253364.69,225429.75,1803.44,26131.50,1,,0,0.4497
145,preprocessing=Cloud;inference=Fog;archiving=Cloud,"LZ4 + BLAKE3 + RS(k=8,m=4)",0,538.417,253324.17,225392.17,1803.14,26128.87,1,,0,0.4496
146,preprocessing=Cloud;inference=Fog;archiving=Cloud,"ZSTD + RS(k=8,m=4)",0,719.926,416366.60,374662.92,2997.30,38706.37,1,,0,0.8978
147,preprocessing=Cloud;inference=Fog;archiving=Cloud,"ZSTD + SHA256 + RS(k=8,m=4)",0,720.007,417192.32,375440.26,3003.52,38748.53,1,,0,0.8990
148,preprocessing=Cloud;inference=Fog;archiving=Cloud,"ZSTD + BLAKE3 + RS(k=8,m=4)",0,720.005,417177.78,375426.57,3003.41,38747.80,1,,0,0.8989
149,preprocessing=Cloud;inference=Fog;archiving=Cloud,no NFRs,1,352.005,119307.59,102481.75,985.61,15840.23,0,,0,0.0000
150,preprocessing=Cloud;inference=Cloud;archiving=Edge,"RS(k=8,m=4)",0,354.054,178523.93,168096.16,1782.83,8644.95,1,,0,0.1059
151,preprocessing=Cloud;inference=Cloud;archiving=Edge,"SHA256 + RS(k=8,m=4)",0,356.112,180824.83,170257.82,1810.89,8756.12,1,,0,0.1115
152,preprocessing=Cloud;inference=Cloud;archiving=Edge,"BLAKE3 + RS(k=8,m=4)",0,356.076,180785.64,170220.01,1811.46,8754.17,1,,0,0.1114
153,preprocessing=Cloud;inference=Cloud;archiving=Edge,"LZ4 + RS(k=8,m=4)",0,536.161,337767.32,317505.85,3932.60,16328.87,1,,0,0.5503
154,preprocessing=Cloud;inference=Cloud;archiving=Edge,"LZ4 + SHA256 + RS(k=8,m=4)",0,538.205,340056.63,319656.66,3960.48,16439.49,1,,0,0.5559
155,preprocessing=Cloud;inference=Cloud;archiving=Edge,"LZ4 + BLAKE3 + RS(k=8,m=4)",0,538.169,340017.67,319619.07,3961.05,16437.55,1,,0,0.5558
156,preprocessing=Cloud;inference=Cloud;archiving=Edge,"ZSTD + RS(k=8,m=4)",0,719.947,498612.39,468411.70,6110.95,24089.74,1,,0,0.9989
157,preprocessing=Cloud;inference=Cloud;archiving=Edge,"ZSTD + SHA256 + RS(k=8,m=4)",0,720.028,499436.25,469188.94,6117.59,24129.72,1,,0,1.0000
158,preprocessing=Cloud;inference=Cloud;archiving=Edge,"ZSTD + BLAKE3 + RS(k=8,m=4)",0,720.027,499421.88,469175.34,6117.52,24129.02,1,,0,1.0000
159,preprocessing=Cloud;inference=Cloud;archiving=Edge,no NFRs,1,352.045,176202.29,165915.76,1753.73,8532.81,0,,0,0.0000
160,preprocessing=Cloud;inference=Cloud;archiving=Fog,"RS(k=8,m=4)",0,354.014,180344.88,168082.15,1344.66,10918.07,1,,0,0.1081
161,preprocessing=Cloud;inference=Cloud;archiving=Fog,"SHA256 + RS(k=8,m=4)",0,356.072,182690.41,170243.82,1361.95,11084.65,1,,0,0.1138
162,preprocessing=Cloud;inference=Cloud;archiving=Fog,"BLAKE3 + RS(k=8,m=4)",0,356.036,182649.64,170206.00,1361.65,11081.99,1,,0,0.1137
163,preprocessing=Cloud;inference=Cloud;archiving=Fog,"LZ4 + RS(k=8,m=4)",0,536.120,343575.90,317491.46,2539.93,23544.51,1,,0,0.5573
164,preprocessing=Cloud;inference=Cloud;archiving=Fog,"LZ4 + SHA256 + RS(k=8,m=4)",0,538.163,345909.50,319642.26,2557.14,23710.11,1,,0,0.5630
165,preprocessing=Cloud;inference=Cloud;archiving=Fog,"LZ4 + BLAKE3 + RS(k=8,m=4)",0,538.128,345868.97,319604.67,2556.84,23707.47,1,,0,0.5629
166,preprocessing=Cloud;inference=Cloud;archiving=Fog,"ZSTD + RS(k=8,m=4)",0,719.905,508439.88,468396.89,3747.18,36295.82,0,total energy 508440J > budget 500000J,0,0.0000
167,preprocessing=Cloud;inference=Cloud;archiving=Fog,"ZSTD + SHA256 + RS(k=8,m=4)",0,719.986,509265.55,469174.18,3753.39,36337.98,0,total energy 509266J > budget 500000J,0,0.0000
168,preprocessing=Cloud;inference=Cloud;archiving=Fog,"ZSTD + BLAKE3 + RS(k=8,m=4)",0,719.985,509251.10,469160.57,3753.28,36337.25,0,total energy 509251J > budget 500000J,0,0.0000
169,preprocessing=Cloud;inference=Cloud;archiving=Fog,no NFRs,1,352.005,177975.05,165901.75,1327.21,10746.09,0,,0,0.0000
170,preprocessing=Cloud;inference=Cloud;archiving=Cloud,"RS(k=8,m=4)",0,354.009,209295.11,197554.72,1580.44,10159.96,1,,0,0.1436
171,preprocessing=Cloud;inference=Cloud;archiving=Cloud,"SHA256 + RS(k=8,m=4)",0,356.067,212348.62,200436.94,1603.50,10308.19,1,,0,0.1502
172,preprocessing=Cloud;inference=Cloud;archiving=Cloud,"BLAKE3 + RS(k=8,m=4)",0,356.031,212295.20,200386.52,1603.09,10305.59,1,,0,0.1501
173,preprocessing=Cloud;inference=Cloud;archiving=Cloud,"LZ4 + RS(k=8,m=4)",0,536.115,435337.79,410917.55,3287.34,21132.90,1,,0,0.6700
174,preprocessing=Cloud;inference=Cloud;archiving=Cloud,"LZ4 + SHA256 + RS(k=8,m=4)",0,538.158,438374.04,413783.48,3310.27,21280.29,1,,0,0.6766
175,preprocessing=Cloud;inference=Cloud;archiving=Cloud,"LZ4 + BLAKE3 + RS(k=8,m=4)",0,538.123,438320.94,413733.36,3309.87,21277.72,1,,0,0.6764
176,preprocessing=Cloud;inference=Cloud;archiving=Cloud,"ZSTD + RS(k=8,m=4)",0,719.900,663865.65,626626.16,5013.01,32226.49,0,total energy 663866J > budget 500000J,0,0.0000
177,preprocessing=Cloud;inference=Cloud;archiving=Cloud,"ZSTD + SHA256 + RS(k=8,m=4)",0,719.981,664719.16,627431.79,5019.45,32267.92,0,total energy 664719J > budget 500000J,0,0.0000
178,preprocessing=Cloud;inference=Cloud;archiving=Cloud,"ZSTD + BLAKE3 + RS(k=8,m=4)",0,719.979,664704.03,627417.51,5019.34,32267.19,0,total energy 664704J > budget 500000J,0,0.0000
179,preprocessing=Cloud;inference=Cloud;archiving=Cloud,no NFRs,1,352.000,206164.80,194600.00,1556.80,10008.00,0,,0,0.0000
